feature,delta_auprc,delta_auroc,baseline_auprc,baseline_auroc
pentatonicism,0.2035165507162632,0.1856981981981981,0.8746659161207215,0.8085585585585585
syncopation,0.0485341450169603,0.0730855855855855,0.8746659161207215,0.8085585585585585
parallel_motion,0.0236238832966582,0.037162162162162,0.8746659161207215,0.8085585585585585
density,0.0151575276815062,0.013626126126126,0.8746659161207215,0.8085585585585585
rhythm_reg,0.01381925435891,0.0170045045045044,0.8746659161207215,0.8085585585585585
melodic_intervals,0.0083741658200823,0.0199324324324323,0.8746659161207215,0.8085585585585585
register_usage,0.0032882595638966,0.0057432432432432,0.8746659161207215,0.8085585585585585
dynamics,-0.0006292351212306,0.0009009009009008,0.8746659161207215,0.8085585585585585
articulation,-0.0137179122649693,-0.0162162162162162,0.8746659161207215,0.8085585585585585
